{
  "results": [
    {
      "command": "python test_perf.py",
      "mean": 1.77952651412,
      "stddev": 0.057127027268192264,
      "median": 1.79014369752,
      "user": 3.0064024,
      "system": 1.00602026,
      "min": 1.65052030102,
      "max": 1.84234846802,
      "times": [
        1.79769351002,
        1.84234846802,
        1.74460313502,
        1.65052030102,
        1.82460009302,
        1.8066463850199999,
        1.8362743020199999,
        1.78259388502,
        1.7589878020199998,
        1.75099726002
      ],
      "exit_codes": [
        0,
        0,
        0,
        0,
        0,
        0,
        0,
        0,
        0,
        0
      ]
    }
  ]
}



