{
  "results": [
    {
      "command": "python test_perf.py",
      "mean": 1.98895220696,
      "stddev": 0.12288745169878267,
      "median": 1.94916674476,
      "user": 2.9436199200000006,
      "system": 1.0884397799999999,
      "min": 1.85365774426,
      "max": 2.2835599112600002,
      "times": [
        1.94305628626,
        1.95982141126,
        1.95527720326,
        2.03957991126,
        2.2835599112600002,
        2.0901101192600002,
        1.93371245326,
        1.85365774426,
        1.91040207726,
        1.9203449522600002
      ],
      "exit_codes": [
        0,
        0,
        0,
        0,
        0,
        0,
        0,
        0,
        0,
        0
      ]
    }
  ]
}
