{
  "results": [
    {
      "command": "python test_perf.py",
      "mean": 1.9844060049999999,
      "stddev": 0.12320930918698711,
      "median": 1.9422930507,
      "user": 3.43447846,
      "system": 0.52193058,
      "min": 1.8476288842000002,
      "max": 2.2078850512000003,
      "times": [
        1.8476288842000002,
        1.8665154252000002,
        1.9525924672000001,
        2.1377185092,
        2.2078850512000003,
        1.9002486342,
        1.8965385932000003,
        1.9319936342,
        2.0126511342,
        2.0902877172000003
      ],
      "exit_codes": [
        0,
        0,
        0,
        0,
        0,
        0,
        0,
        0,
        0,
        0
      ]
    }
  ]
}
